ad_id,round1,angle,hook,structure,video_files,meta_primary_text,meta_headline,meta_description,meta_button,tiktok_ad_text,tiktok_cta,url,url_parameters
WD01-CUR-H01-LIFE-FAST-C1,yes,CUR,Okay… why did nobody show me this sooner?,fast,video/9x16/WD01-CUR-H01-LIFE-FAST-C1-9x16.mp4 | video/4x5/WD01-CUR-H01-LIFE-FAST-C1-4x5.mp4 | video/1x1/WD01-CUR-H01-LIFE-FAST-C1-1x1.mp4,"We found something worth putting on your radar: a compact, rechargeable blender with a 350 ml jar. WEDRA Discovery #01.",Today’s WEDRA discovery,Portable Electric Juicer Blender,Learn more,"Found: a compact, rechargeable blender for one drink at a time. #WEDRADiscovery #smoothie",Learn more,https://wedra.co/products/portable-electric-juicer-blender,utm_source={{platform}}&utm_medium=paid_social&utm_campaign=wd01&utm_content=WD01-CUR-H01-LIFE-FAST-C1
WD01-CUR-H03-LIFE-NATV-C2,,CUR,This might be one of the most useful things I found this week.,native,video/9x16/WD01-CUR-H03-LIFE-NATV-C2-9x16.mp4,"We found something worth putting on your radar: a compact, rechargeable blender with a 350 ml jar. WEDRA Discovery #01.",Today’s WEDRA discovery,Portable Electric Juicer Blender,Learn more,"Found: a compact, rechargeable blender for one drink at a time. #WEDRADiscovery #smoothie",Learn more,https://wedra.co/products/portable-electric-juicer-blender,utm_source={{platform}}&utm_medium=paid_social&utm_campaign=wd01&utm_content=WD01-CUR-H03-LIFE-NATV-C2
WD01-CUR-H04-STUDIO-NATV-C3,yes,CUR,I wasn’t looking for a blender. Then I found this.,native,video/9x16/WD01-CUR-H04-STUDIO-NATV-C3-9x16.mp4 | video/4x5/WD01-CUR-H04-STUDIO-NATV-C3-4x5.mp4 | video/1x1/WD01-CUR-H04-STUDIO-NATV-C3-1x1.mp4,"We found something worth putting on your radar: a compact, rechargeable blender with a 350 ml jar. WEDRA Discovery #01.",Today’s WEDRA discovery,Portable Electric Juicer Blender,Learn more,"Found: a compact, rechargeable blender for one drink at a time. #WEDRADiscovery #smoothie",Learn more,https://wedra.co/products/portable-electric-juicer-blender,utm_source={{platform}}&utm_medium=paid_social&utm_campaign=wd01&utm_content=WD01-CUR-H04-STUDIO-NATV-C3
WD01-CUR-H05-LIFE-FAST-C4,,CUR,Wait until you see what this little thing does.,fast,video/9x16/WD01-CUR-H05-LIFE-FAST-C4-9x16.mp4,"We found something worth putting on your radar: a compact, rechargeable blender with a 350 ml jar. WEDRA Discovery #01.",Today’s WEDRA discovery,Portable Electric Juicer Blender,Learn more,"Found: a compact, rechargeable blender for one drink at a time. #WEDRADiscovery #smoothie",Learn more,https://wedra.co/products/portable-electric-juicer-blender,utm_source={{platform}}&utm_medium=paid_social&utm_campaign=wd01&utm_content=WD01-CUR-H05-LIFE-FAST-C4
WD01-CUR-H07-LIFE-PREM-C5,,CUR,Found something worth putting on your radar.,premium,video/9x16/WD01-CUR-H07-LIFE-PREM-C5-9x16.mp4,"We found something worth putting on your radar: a compact, rechargeable blender with a 350 ml jar. WEDRA Discovery #01.",Today’s WEDRA discovery,Portable Electric Juicer Blender,Shop now,"Found: a compact, rechargeable blender for one drink at a time. #WEDRADiscovery #smoothie",Shop now,https://wedra.co/products/portable-electric-juicer-blender,utm_source={{platform}}&utm_medium=paid_social&utm_campaign=wd01&utm_content=WD01-CUR-H07-LIFE-PREM-C5
WD01-CUR-H08-STUDIO-PREM-C6,,CUR,This is exactly the kind of product WEDRA looks for.,premium,video/9x16/WD01-CUR-H08-STUDIO-PREM-C6-9x16.mp4,"We found something worth putting on your radar: a compact, rechargeable blender with a 350 ml jar. WEDRA Discovery #01.",Today’s WEDRA discovery,Portable Electric Juicer Blender,Learn more,"Found: a compact, rechargeable blender for one drink at a time. #WEDRADiscovery #smoothie",Learn more,https://wedra.co/products/portable-electric-juicer-blender,utm_source={{platform}}&utm_medium=paid_social&utm_campaign=wd01&utm_content=WD01-CUR-H08-STUDIO-PREM-C6
WD01-CUR-H09-STUDIO-PREM-C7,yes,CUR,Here’s today’s WEDRA discovery.,premium,video/9x16/WD01-CUR-H09-STUDIO-PREM-C7-9x16.mp4 | video/4x5/WD01-CUR-H09-STUDIO-PREM-C7-4x5.mp4 | video/1x1/WD01-CUR-H09-STUDIO-PREM-C7-1x1.mp4,"We found something worth putting on your radar: a compact, rechargeable blender with a 350 ml jar. WEDRA Discovery #01.",Today’s WEDRA discovery,Portable Electric Juicer Blender,Learn more,"Found: a compact, rechargeable blender for one drink at a time. #WEDRADiscovery #smoothie",Learn more,https://wedra.co/products/portable-electric-juicer-blender,utm_source={{platform}}&utm_medium=paid_social&utm_campaign=wd01&utm_content=WD01-CUR-H09-STUDIO-PREM-C7
WD01-CUR-H10-PINK-NATV-C8,,CUR,Another product we think is worth knowing about.,native,video/9x16/WD01-CUR-H10-PINK-NATV-C8-9x16.mp4,"We found something worth putting on your radar: a compact, rechargeable blender with a 350 ml jar. WEDRA Discovery #01.",Today’s WEDRA discovery,Portable Electric Juicer Blender,Learn more,"Found: a compact, rechargeable blender for one drink at a time. #WEDRADiscovery #smoothie",Learn more,https://wedra.co/products/portable-electric-juicer-blender,utm_source={{platform}}&utm_medium=paid_social&utm_campaign=wd01&utm_content=WD01-CUR-H10-PINK-NATV-C8
WD01-CONV-H11-STUDIO-FAST-C1,,CONV,Your blender doesn’t have to live on your countertop.,fast,video/9x16/WD01-CONV-H11-STUDIO-FAST-C1-9x16.mp4,"One drink doesn’t need a full-size blender. A compact, rechargeable 350 ml blender for smoothies and shakes.",One drink. One compact blender.,Portable Electric Juicer Blender,Learn more,Why use a full-size blender for one drink? This one is 350 ml and rechargeable. #WEDRADiscovery,Learn more,https://wedra.co/products/portable-electric-juicer-blender,utm_source={{platform}}&utm_medium=paid_social&utm_campaign=wd01&utm_content=WD01-CONV-H11-STUDIO-FAST-C1
WD01-CONV-H13-STUDIO-NATV-C2,yes,CONV,Why use a full-size blender for one drink?,native,video/9x16/WD01-CONV-H13-STUDIO-NATV-C2-9x16.mp4 | video/4x5/WD01-CONV-H13-STUDIO-NATV-C2-4x5.mp4 | video/1x1/WD01-CONV-H13-STUDIO-NATV-C2-1x1.mp4,"One drink doesn’t need a full-size blender. A compact, rechargeable 350 ml blender for smoothies and shakes.",One drink. One compact blender.,Portable Electric Juicer Blender,Learn more,Why use a full-size blender for one drink? This one is 350 ml and rechargeable. #WEDRADiscovery,Learn more,https://wedra.co/products/portable-electric-juicer-blender,utm_source={{platform}}&utm_medium=paid_social&utm_campaign=wd01&utm_content=WD01-CONV-H13-STUDIO-NATV-C2
WD01-CONV-H14-LIFE-PREM-C3,,CONV,One drink. One compact blender.,premium,video/9x16/WD01-CONV-H14-LIFE-PREM-C3-9x16.mp4,"One drink doesn’t need a full-size blender. A compact, rechargeable 350 ml blender for smoothies and shakes.",One drink. One compact blender.,Portable Electric Juicer Blender,Learn more,Why use a full-size blender for one drink? This one is 350 ml and rechargeable. #WEDRADiscovery,Learn more,https://wedra.co/products/portable-electric-juicer-blender,utm_source={{platform}}&utm_medium=paid_social&utm_campaign=wd01&utm_content=WD01-CONV-H14-LIFE-PREM-C3
WD01-CONV-H15-LIFE-NATV-C4,,CONV,Your smoothie routine just got a lot simpler.,native,video/9x16/WD01-CONV-H15-LIFE-NATV-C4-9x16.mp4,"One drink doesn’t need a full-size blender. A compact, rechargeable 350 ml blender for smoothies and shakes.",One drink. One compact blender.,Portable Electric Juicer Blender,Learn more,Why use a full-size blender for one drink? This one is 350 ml and rechargeable. #WEDRADiscovery,Learn more,https://wedra.co/products/portable-electric-juicer-blender,utm_source={{platform}}&utm_medium=paid_social&utm_campaign=wd01&utm_content=WD01-CONV-H15-LIFE-NATV-C4
WD01-CONV-H16-LIFE-FAST-C5,,CONV,Less setup. More smoothie.,fast,video/9x16/WD01-CONV-H16-LIFE-FAST-C5-9x16.mp4,"One drink doesn’t need a full-size blender. A compact, rechargeable 350 ml blender for smoothies and shakes.",One drink. One compact blender.,Portable Electric Juicer Blender,Shop now,Why use a full-size blender for one drink? This one is 350 ml and rechargeable. #WEDRADiscovery,Shop now,https://wedra.co/products/portable-electric-juicer-blender,utm_source={{platform}}&utm_medium=paid_social&utm_campaign=wd01&utm_content=WD01-CONV-H16-LIFE-FAST-C5
WD01-CONV-H17-LIFE-FAST-C6,yes,CONV,Small enough to take with you.,fast,video/9x16/WD01-CONV-H17-LIFE-FAST-C6-9x16.mp4 | video/4x5/WD01-CONV-H17-LIFE-FAST-C6-4x5.mp4 | video/1x1/WD01-CONV-H17-LIFE-FAST-C6-1x1.mp4,"One drink doesn’t need a full-size blender. A compact, rechargeable 350 ml blender for smoothies and shakes.",One drink. One compact blender.,Portable Electric Juicer Blender,Learn more,Why use a full-size blender for one drink? This one is 350 ml and rechargeable. #WEDRADiscovery,Learn more,https://wedra.co/products/portable-electric-juicer-blender,utm_source={{platform}}&utm_medium=paid_social&utm_campaign=wd01&utm_content=WD01-CONV-H17-LIFE-FAST-C6
WD01-CONV-H19-STUDIO-NATV-C7,,CONV,For the person who hates pulling out the big blender.,native,video/9x16/WD01-CONV-H19-STUDIO-NATV-C7-9x16.mp4,"One drink doesn’t need a full-size blender. A compact, rechargeable 350 ml blender for smoothies and shakes.",One drink. One compact blender.,Portable Electric Juicer Blender,Learn more,Why use a full-size blender for one drink? This one is 350 ml and rechargeable. #WEDRADiscovery,Learn more,https://wedra.co/products/portable-electric-juicer-blender,utm_source={{platform}}&utm_medium=paid_social&utm_campaign=wd01&utm_content=WD01-CONV-H19-STUDIO-NATV-C7
WD01-CONV-H20-LIFE-PREM-C8,,CONV,Sometimes simpler is better.,premium,video/9x16/WD01-CONV-H20-LIFE-PREM-C8-9x16.mp4,"One drink doesn’t need a full-size blender. A compact, rechargeable 350 ml blender for smoothies and shakes.",One drink. One compact blender.,Portable Electric Juicer Blender,Learn more,Why use a full-size blender for one drink? This one is 350 ml and rechargeable. #WEDRADiscovery,Learn more,https://wedra.co/products/portable-electric-juicer-blender,utm_source={{platform}}&utm_medium=paid_social&utm_campaign=wd01&utm_content=WD01-CONV-H20-LIFE-PREM-C8
WD01-PORT-H21-LIFE-NATV-C1,yes,PORT,Your smoothie doesn’t have to stay home.,native,video/9x16/WD01-PORT-H21-LIFE-NATV-C1-9x16.mp4 | video/4x5/WD01-PORT-H21-LIFE-NATV-C1-4x5.mp4 | video/1x1/WD01-PORT-H21-LIFE-NATV-C1-1x1.mp4,"Small enough to bring along, with a loop to carry it by. Rechargeable, with a 350 ml jar.",Take your routine with you.,Portable Electric Juicer Blender,Learn more,Your smoothie doesn’t have to stay home. Compact and rechargeable. #WEDRADiscovery #smoothie,Learn more,https://wedra.co/products/portable-electric-juicer-blender,utm_source={{platform}}&utm_medium=paid_social&utm_campaign=wd01&utm_content=WD01-PORT-H21-LIFE-NATV-C1
WD01-PORT-H22-LIFE-PREM-C2,,PORT,Take your routine with you.,premium,video/9x16/WD01-PORT-H22-LIFE-PREM-C2-9x16.mp4,"Small enough to bring along, with a loop to carry it by. Rechargeable, with a 350 ml jar.",Take your routine with you.,Portable Electric Juicer Blender,Learn more,Your smoothie doesn’t have to stay home. Compact and rechargeable. #WEDRADiscovery #smoothie,Learn more,https://wedra.co/products/portable-electric-juicer-blender,utm_source={{platform}}&utm_medium=paid_social&utm_campaign=wd01&utm_content=WD01-PORT-H22-LIFE-PREM-C2
WD01-PORT-H27-LIFE-FAST-C3,,PORT,Small enough to bring along.,fast,video/9x16/WD01-PORT-H27-LIFE-FAST-C3-9x16.mp4,"Small enough to bring along, with a loop to carry it by. Rechargeable, with a 350 ml jar.",Take your routine with you.,Portable Electric Juicer Blender,Learn more,Your smoothie doesn’t have to stay home. Compact and rechargeable. #WEDRADiscovery #smoothie,Learn more,https://wedra.co/products/portable-electric-juicer-blender,utm_source={{platform}}&utm_medium=paid_social&utm_campaign=wd01&utm_content=WD01-PORT-H27-LIFE-FAST-C3
WD01-PORT-H28-LIFE-NATV-C4,,PORT,Why leave your smoothie routine at home?,native,video/9x16/WD01-PORT-H28-LIFE-NATV-C4-9x16.mp4,"Small enough to bring along, with a loop to carry it by. Rechargeable, with a 350 ml jar.",Take your routine with you.,Portable Electric Juicer Blender,Learn more,Your smoothie doesn’t have to stay home. Compact and rechargeable. #WEDRADiscovery #smoothie,Learn more,https://wedra.co/products/portable-electric-juicer-blender,utm_source={{platform}}&utm_medium=paid_social&utm_campaign=wd01&utm_content=WD01-PORT-H28-LIFE-NATV-C4
WD01-MORN-H32-LIFE-PREM-C5,yes,MORN,A simpler way to start the morning.,premium,video/9x16/WD01-MORN-H32-LIFE-PREM-C5-9x16.mp4 | video/4x5/WD01-MORN-H32-LIFE-PREM-C5-4x5.mp4 | video/1x1/WD01-MORN-H32-LIFE-PREM-C5-1x1.mp4,"A simpler way to start the morning: a compact, rechargeable blender for your smoothie or shake.","Your morning, but simpler.",Portable Electric Juicer Blender,Shop now,"A simpler morning smoothie. Compact, rechargeable, 350 ml. #WEDRADiscovery #productsworthdiscovering",Shop now,https://wedra.co/products/portable-electric-juicer-blender,utm_source={{platform}}&utm_medium=paid_social&utm_campaign=wd01&utm_content=WD01-MORN-H32-LIFE-PREM-C5
WD01-MORN-H34-LIFE-PREM-C6,,MORN,A few quiet minutes to make the morning feel easier.,premium,video/9x16/WD01-MORN-H34-LIFE-PREM-C6-9x16.mp4,"A simpler way to start the morning: a compact, rechargeable blender for your smoothie or shake.","Your morning, but simpler.",Portable Electric Juicer Blender,Learn more,"A simpler morning smoothie. Compact, rechargeable, 350 ml. #WEDRADiscovery #productsworthdiscovering",Learn more,https://wedra.co/products/portable-electric-juicer-blender,utm_source={{platform}}&utm_medium=paid_social&utm_campaign=wd01&utm_content=WD01-MORN-H34-LIFE-PREM-C6
WD01-MORN-H35-LIFE-NATV-C7,,MORN,"Your morning routine, but simpler.",native,video/9x16/WD01-MORN-H35-LIFE-NATV-C7-9x16.mp4,"A simpler way to start the morning: a compact, rechargeable blender for your smoothie or shake.","Your morning, but simpler.",Portable Electric Juicer Blender,Learn more,"A simpler morning smoothie. Compact, rechargeable, 350 ml. #WEDRADiscovery #productsworthdiscovering",Learn more,https://wedra.co/products/portable-electric-juicer-blender,utm_source={{platform}}&utm_medium=paid_social&utm_campaign=wd01&utm_content=WD01-MORN-H35-LIFE-NATV-C7
WD01-MORN-H36-LIFE-NATV-C8,,MORN,Coffee isn’t the only thing you can make part of your morning ritual.,native,video/9x16/WD01-MORN-H36-LIFE-NATV-C8-9x16.mp4,"A simpler way to start the morning: a compact, rechargeable blender for your smoothie or shake.","Your morning, but simpler.",Portable Electric Juicer Blender,Learn more,"A simpler morning smoothie. Compact, rechargeable, 350 ml. #WEDRADiscovery #productsworthdiscovering",Learn more,https://wedra.co/products/portable-electric-juicer-blender,utm_source={{platform}}&utm_medium=paid_social&utm_campaign=wd01&utm_content=WD01-MORN-H36-LIFE-NATV-C8
WD01-GYM-H46-STUDIO-FAST-C1,yes,GYM,This takes up way less space than you think.,fast,video/9x16/WD01-GYM-H46-STUDIO-FAST-C1-9x16.mp4 | video/4x5/WD01-GYM-H46-STUDIO-FAST-C1-4x5.mp4 | video/1x1/WD01-GYM-H46-STUDIO-FAST-C1-1x1.mp4,"About 22 cm tall and rechargeable, it takes up less space than you’d think.",Smaller than you think.,Portable Electric Juicer Blender,Learn more,Takes up less space than you think. About 22 cm tall. #WEDRADiscovery #productsworthdiscovering,Learn more,https://wedra.co/products/portable-electric-juicer-blender,utm_source={{platform}}&utm_medium=paid_social&utm_campaign=wd01&utm_content=WD01-GYM-H46-STUDIO-FAST-C1
WD01-PS-H51-STUDIO-NATV-C2,yes,PS,Don’t want to pull out the giant blender?,native,video/9x16/WD01-PS-H51-STUDIO-NATV-C2-9x16.mp4 | video/4x5/WD01-PS-H51-STUDIO-NATV-C2-4x5.mp4 | video/1x1/WD01-PS-H51-STUDIO-NATV-C2-1x1.mp4,"Don’t want to pull out the big blender for one drink? Here’s a compact, rechargeable 350 ml alternative.",An easier way to make one drink.,Portable Electric Juicer Blender,Learn more,Don’t want to pull out the giant blender? Try this instead. #WEDRADiscovery #smoothie,Learn more,https://wedra.co/products/portable-electric-juicer-blender,utm_source={{platform}}&utm_medium=paid_social&utm_campaign=wd01&utm_content=WD01-PS-H51-STUDIO-NATV-C2
WD01-PS-H52-STUDIO-FAST-C3,,PS,There’s an easier way to make one drink.,fast,video/9x16/WD01-PS-H52-STUDIO-FAST-C3-9x16.mp4,"Don’t want to pull out the big blender for one drink? Here’s a compact, rechargeable 350 ml alternative.",An easier way to make one drink.,Portable Electric Juicer Blender,Learn more,Don’t want to pull out the giant blender? Try this instead. #WEDRADiscovery #smoothie,Learn more,https://wedra.co/products/portable-electric-juicer-blender,utm_source={{platform}}&utm_medium=paid_social&utm_campaign=wd01&utm_content=WD01-PS-H52-STUDIO-FAST-C3
WD01-PS-H53-LIFE-NATV-C4,,PS,The problem with making one smoothie…,native,video/9x16/WD01-PS-H53-LIFE-NATV-C4-9x16.mp4,"Don’t want to pull out the big blender for one drink? Here’s a compact, rechargeable 350 ml alternative.",An easier way to make one drink.,Portable Electric Juicer Blender,Learn more,Don’t want to pull out the giant blender? Try this instead. #WEDRADiscovery #smoothie,Learn more,https://wedra.co/products/portable-electric-juicer-blender,utm_source={{platform}}&utm_medium=paid_social&utm_campaign=wd01&utm_content=WD01-PS-H53-LIFE-NATV-C4
WD01-PS-H55-STUDIO-FAST-C5,yes,PS,Sometimes the big blender is just too much.,fast,video/9x16/WD01-PS-H55-STUDIO-FAST-C5-9x16.mp4 | video/4x5/WD01-PS-H55-STUDIO-FAST-C5-4x5.mp4 | video/1x1/WD01-PS-H55-STUDIO-FAST-C5-1x1.mp4,"Don’t want to pull out the big blender for one drink? Here’s a compact, rechargeable 350 ml alternative.",An easier way to make one drink.,Portable Electric Juicer Blender,Shop now,Don’t want to pull out the giant blender? Try this instead. #WEDRADiscovery #smoothie,Shop now,https://wedra.co/products/portable-electric-juicer-blender,utm_source={{platform}}&utm_medium=paid_social&utm_campaign=wd01&utm_content=WD01-PS-H55-STUDIO-FAST-C5
WD01-PS-H56-LIFE-NATV-C6,,PS,Want the smoothie without turning the kitchen into a project?,native,video/9x16/WD01-PS-H56-LIFE-NATV-C6-9x16.mp4,"Don’t want to pull out the big blender for one drink? Here’s a compact, rechargeable 350 ml alternative.",An easier way to make one drink.,Portable Electric Juicer Blender,Learn more,Don’t want to pull out the giant blender? Try this instead. #WEDRADiscovery #smoothie,Learn more,https://wedra.co/products/portable-electric-juicer-blender,utm_source={{platform}}&utm_medium=paid_social&utm_campaign=wd01&utm_content=WD01-PS-H56-LIFE-NATV-C6
WD01-PS-H57-STUDIO-PREM-C7,,PS,There’s a reason compact products exist.,premium,video/9x16/WD01-PS-H57-STUDIO-PREM-C7-9x16.mp4,"Don’t want to pull out the big blender for one drink? Here’s a compact, rechargeable 350 ml alternative.",An easier way to make one drink.,Portable Electric Juicer Blender,Learn more,Don’t want to pull out the giant blender? Try this instead. #WEDRADiscovery #smoothie,Learn more,https://wedra.co/products/portable-electric-juicer-blender,utm_source={{platform}}&utm_medium=paid_social&utm_campaign=wd01&utm_content=WD01-PS-H57-STUDIO-PREM-C7
WD01-REVEAL-H58-STUDIO-FAST-C8,,REVEAL,Meet your new little smoothie maker.,fast,video/9x16/WD01-REVEAL-H58-STUDIO-FAST-C8-9x16.mp4,"Meet WEDRA Discovery #01: the Portable Electric Juicer Blender. 350 ml, 50 W, rechargeable.",WEDRA Discovery #01,Portable Electric Juicer Blender,Learn more,Meet WEDRA Discovery #WEDRADiscovery #productsworthdiscovering #smoothie,Learn more,https://wedra.co/products/portable-electric-juicer-blender,utm_source={{platform}}&utm_medium=paid_social&utm_campaign=wd01&utm_content=WD01-REVEAL-H58-STUDIO-FAST-C8
WD01-REVEAL-H59-STUDIO-PREM-C1,yes,REVEAL,Small. Simple. Portable.,premium,video/9x16/WD01-REVEAL-H59-STUDIO-PREM-C1-9x16.mp4 | video/4x5/WD01-REVEAL-H59-STUDIO-PREM-C1-4x5.mp4 | video/1x1/WD01-REVEAL-H59-STUDIO-PREM-C1-1x1.mp4,"Meet WEDRA Discovery #01: the Portable Electric Juicer Blender. 350 ml, 50 W, rechargeable.",WEDRA Discovery #01,Portable Electric Juicer Blender,Learn more,Meet WEDRA Discovery #WEDRADiscovery #productsworthdiscovering #smoothie,Learn more,https://wedra.co/products/portable-electric-juicer-blender,utm_source={{platform}}&utm_medium=paid_social&utm_campaign=wd01&utm_content=WD01-REVEAL-H59-STUDIO-PREM-C1
WD01-REVEAL-H60-LIFE-PREM-C2,,REVEAL,Say hello to the WEDRA discovery.,premium,video/9x16/WD01-REVEAL-H60-LIFE-PREM-C2-9x16.mp4,"Meet WEDRA Discovery #01: the Portable Electric Juicer Blender. 350 ml, 50 W, rechargeable.",WEDRA Discovery #01,Portable Electric Juicer Blender,Learn more,Meet WEDRA Discovery #WEDRADiscovery #productsworthdiscovering #smoothie,Learn more,https://wedra.co/products/portable-electric-juicer-blender,utm_source={{platform}}&utm_medium=paid_social&utm_campaign=wd01&utm_content=WD01-REVEAL-H60-LIFE-PREM-C2
WD01-REVEAL-H61-PINK-NATV-C3,,REVEAL,Today’s find.,native,video/9x16/WD01-REVEAL-H61-PINK-NATV-C3-9x16.mp4,"Meet WEDRA Discovery #01: the Portable Electric Juicer Blender. 350 ml, 50 W, rechargeable.",WEDRA Discovery #01,Portable Electric Juicer Blender,Learn more,Meet WEDRA Discovery #WEDRADiscovery #productsworthdiscovering #smoothie,Learn more,https://wedra.co/products/portable-electric-juicer-blender,utm_source={{platform}}&utm_medium=paid_social&utm_campaign=wd01&utm_content=WD01-REVEAL-H61-PINK-NATV-C3
WD01-REVEAL-H62-STUDIO-PREM-C4,yes,REVEAL,WEDRA Discovery #01.,premium,video/9x16/WD01-REVEAL-H62-STUDIO-PREM-C4-9x16.mp4 | video/4x5/WD01-REVEAL-H62-STUDIO-PREM-C4-4x5.mp4 | video/1x1/WD01-REVEAL-H62-STUDIO-PREM-C4-1x1.mp4,"Meet WEDRA Discovery #01: the Portable Electric Juicer Blender. 350 ml, 50 W, rechargeable.",WEDRA Discovery #01,Portable Electric Juicer Blender,Learn more,Meet WEDRA Discovery #WEDRADiscovery #productsworthdiscovering #smoothie,Learn more,https://wedra.co/products/portable-electric-juicer-blender,utm_source={{platform}}&utm_medium=paid_social&utm_campaign=wd01&utm_content=WD01-REVEAL-H62-STUDIO-PREM-C4
WD01-REVEAL-H63-PINK-FAST-C5,,REVEAL,This is what we’re featuring first.,fast,video/9x16/WD01-REVEAL-H63-PINK-FAST-C5-9x16.mp4,"Meet WEDRA Discovery #01: the Portable Electric Juicer Blender. 350 ml, 50 W, rechargeable.",WEDRA Discovery #01,Portable Electric Juicer Blender,Shop now,Meet WEDRA Discovery #WEDRADiscovery #productsworthdiscovering #smoothie,Shop now,https://wedra.co/products/portable-electric-juicer-blender,utm_source={{platform}}&utm_medium=paid_social&utm_campaign=wd01&utm_content=WD01-REVEAL-H63-PINK-FAST-C5
WD01-REVEAL-H64-LIFE-PREM-C6,,REVEAL,Found for your everyday.,premium,video/9x16/WD01-REVEAL-H64-LIFE-PREM-C6-9x16.mp4,"Meet WEDRA Discovery #01: the Portable Electric Juicer Blender. 350 ml, 50 W, rechargeable.",WEDRA Discovery #01,Portable Electric Juicer Blender,Learn more,Meet WEDRA Discovery #WEDRADiscovery #productsworthdiscovering #smoothie,Learn more,https://wedra.co/products/portable-electric-juicer-blender,utm_source={{platform}}&utm_medium=paid_social&utm_campaign=wd01&utm_content=WD01-REVEAL-H64-LIFE-PREM-C6
WD01-MIN-H65-STUDIO-PREM-C7,,MIN,Less stuff. Better stuff.,premium,video/9x16/WD01-MIN-H65-STUDIO-PREM-C7-9x16.mp4,"Keep the routine, lose the clutter. A compact blender that does one simple thing.",Less stuff. Better stuff.,Portable Electric Juicer Blender,Learn more,Keep the routine. Lose the clutter. #WEDRADiscovery #productsworthdiscovering #smoothie,Learn more,https://wedra.co/products/portable-electric-juicer-blender,utm_source={{platform}}&utm_medium=paid_social&utm_campaign=wd01&utm_content=WD01-MIN-H65-STUDIO-PREM-C7
WD01-MIN-H66-LIFE-PREM-C8,,MIN,Small products can make a big difference in your routine.,premium,video/9x16/WD01-MIN-H66-LIFE-PREM-C8-9x16.mp4,"Keep the routine, lose the clutter. A compact blender that does one simple thing.",Less stuff. Better stuff.,Portable Electric Juicer Blender,Learn more,Keep the routine. Lose the clutter. #WEDRADiscovery #productsworthdiscovering #smoothie,Learn more,https://wedra.co/products/portable-electric-juicer-blender,utm_source={{platform}}&utm_medium=paid_social&utm_campaign=wd01&utm_content=WD01-MIN-H66-LIFE-PREM-C8
WD01-MIN-H67-LIFE-NATV-C1,yes,MIN,Keep the routine. Lose the clutter.,native,video/9x16/WD01-MIN-H67-LIFE-NATV-C1-9x16.mp4 | video/4x5/WD01-MIN-H67-LIFE-NATV-C1-4x5.mp4 | video/1x1/WD01-MIN-H67-LIFE-NATV-C1-1x1.mp4,"Keep the routine, lose the clutter. A compact blender that does one simple thing.",Less stuff. Better stuff.,Portable Electric Juicer Blender,Learn more,Keep the routine. Lose the clutter. #WEDRADiscovery #productsworthdiscovering #smoothie,Learn more,https://wedra.co/products/portable-electric-juicer-blender,utm_source={{platform}}&utm_medium=paid_social&utm_campaign=wd01&utm_content=WD01-MIN-H67-LIFE-NATV-C1
WD01-MIN-H68-STUDIO-FAST-C2,,MIN,Minimal setup. Everyday use.,fast,video/9x16/WD01-MIN-H68-STUDIO-FAST-C2-9x16.mp4,"Keep the routine, lose the clutter. A compact blender that does one simple thing.",Less stuff. Better stuff.,Portable Electric Juicer Blender,Learn more,Keep the routine. Lose the clutter. #WEDRADiscovery #productsworthdiscovering #smoothie,Learn more,https://wedra.co/products/portable-electric-juicer-blender,utm_source={{platform}}&utm_medium=paid_social&utm_campaign=wd01&utm_content=WD01-MIN-H68-STUDIO-FAST-C2
WD01-MIN-H69-LIFE-NATV-C3,,MIN,For people who like their routines simple.,native,video/9x16/WD01-MIN-H69-LIFE-NATV-C3-9x16.mp4,"Keep the routine, lose the clutter. A compact blender that does one simple thing.",Less stuff. Better stuff.,Portable Electric Juicer Blender,Learn more,Keep the routine. Lose the clutter. #WEDRADiscovery #productsworthdiscovering #smoothie,Learn more,https://wedra.co/products/portable-electric-juicer-blender,utm_source={{platform}}&utm_medium=paid_social&utm_campaign=wd01&utm_content=WD01-MIN-H69-LIFE-NATV-C3
WD01-MIN-H70-LIFE-PREM-C4,,MIN,Simple products. Better routines.,premium,video/9x16/WD01-MIN-H70-LIFE-PREM-C4-9x16.mp4,"Keep the routine, lose the clutter. A compact blender that does one simple thing.",Less stuff. Better stuff.,Portable Electric Juicer Blender,Learn more,Keep the routine. Lose the clutter. #WEDRADiscovery #productsworthdiscovering #smoothie,Learn more,https://wedra.co/products/portable-electric-juicer-blender,utm_source={{platform}}&utm_medium=paid_social&utm_campaign=wd01&utm_content=WD01-MIN-H70-LIFE-PREM-C4
WD01-FOUND-H71-LIFE-NATV-C5,,FOUND,"Okay, I found something.",native,video/9x16/WD01-FOUND-H71-LIFE-NATV-C5-9x16.mp4,"Okay, we found something: a compact, rechargeable blender for smoothies and shakes.",Look what we found.,Portable Electric Juicer Blender,Shop now,"Okay, we found something. Compact, rechargeable, 350 ml. #WEDRADiscovery #productsworthdiscovering",Shop now,https://wedra.co/products/portable-electric-juicer-blender,utm_source={{platform}}&utm_medium=paid_social&utm_campaign=wd01&utm_content=WD01-FOUND-H71-LIFE-NATV-C5
WD01-FOUND-H72-LIFE-NATV-C6,yes,FOUND,Look what I found.,native,video/9x16/WD01-FOUND-H72-LIFE-NATV-C6-9x16.mp4 | video/4x5/WD01-FOUND-H72-LIFE-NATV-C6-4x5.mp4 | video/1x1/WD01-FOUND-H72-LIFE-NATV-C6-1x1.mp4,"Okay, we found something: a compact, rechargeable blender for smoothies and shakes.",Look what we found.,Portable Electric Juicer Blender,Learn more,"Okay, we found something. Compact, rechargeable, 350 ml. #WEDRADiscovery #productsworthdiscovering",Learn more,https://wedra.co/products/portable-electric-juicer-blender,utm_source={{platform}}&utm_medium=paid_social&utm_campaign=wd01&utm_content=WD01-FOUND-H72-LIFE-NATV-C6
WD01-FOUND-H75-LIFE-NATV-C7,,FOUND,Things I didn’t know I needed.,native,video/9x16/WD01-FOUND-H75-LIFE-NATV-C7-9x16.mp4,"Okay, we found something: a compact, rechargeable blender for smoothies and shakes.",Look what we found.,Portable Electric Juicer Blender,Learn more,"Okay, we found something. Compact, rechargeable, 350 ml. #WEDRADiscovery #productsworthdiscovering",Learn more,https://wedra.co/products/portable-electric-juicer-blender,utm_source={{platform}}&utm_medium=paid_social&utm_campaign=wd01&utm_content=WD01-FOUND-H75-LIFE-NATV-C7
WD01-FOUND-H76-STUDIO-NATV-C8,,FOUND,Found this and immediately understood the appeal.,native,video/9x16/WD01-FOUND-H76-STUDIO-NATV-C8-9x16.mp4,"Okay, we found something: a compact, rechargeable blender for smoothies and shakes.",Look what we found.,Portable Electric Juicer Blender,Learn more,"Okay, we found something. Compact, rechargeable, 350 ml. #WEDRADiscovery #productsworthdiscovering",Learn more,https://wedra.co/products/portable-electric-juicer-blender,utm_source={{platform}}&utm_medium=paid_social&utm_campaign=wd01&utm_content=WD01-FOUND-H76-STUDIO-NATV-C8
WD01-FOUND-H77-LIFE-NATV-C1,,FOUND,This is one of those products that just makes sense.,native,video/9x16/WD01-FOUND-H77-LIFE-NATV-C1-9x16.mp4,"Okay, we found something: a compact, rechargeable blender for smoothies and shakes.",Look what we found.,Portable Electric Juicer Blender,Learn more,"Okay, we found something. Compact, rechargeable, 350 ml. #WEDRADiscovery #productsworthdiscovering",Learn more,https://wedra.co/products/portable-electric-juicer-blender,utm_source={{platform}}&utm_medium=paid_social&utm_campaign=wd01&utm_content=WD01-FOUND-H77-LIFE-NATV-C1
WD01-FOUND-H78-LIFE-FAST-C2,,FOUND,Why is this actually so convenient?,fast,video/9x16/WD01-FOUND-H78-LIFE-FAST-C2-9x16.mp4,"Okay, we found something: a compact, rechargeable blender for smoothies and shakes.",Look what we found.,Portable Electric Juicer Blender,Learn more,"Okay, we found something. Compact, rechargeable, 350 ml. #WEDRADiscovery #productsworthdiscovering",Learn more,https://wedra.co/products/portable-electric-juicer-blender,utm_source={{platform}}&utm_medium=paid_social&utm_campaign=wd01&utm_content=WD01-FOUND-H78-LIFE-FAST-C2
WD01-WEDRA-H79-STUDIO-PREM-C3,yes,WEDRA,WEDRA finds products worth discovering.,premium,video/9x16/WD01-WEDRA-H79-STUDIO-PREM-C3-9x16.mp4 | video/4x5/WD01-WEDRA-H79-STUDIO-PREM-C3-4x5.mp4 | video/1x1/WD01-WEDRA-H79-STUDIO-PREM-C3-1x1.mp4,"WEDRA finds products worth discovering. First up: a portable, rechargeable juicer blender.",Products worth discovering.,Portable Electric Juicer Blender,Learn more,WEDRA finds products worth discovering. Here’s the first. #WEDRADiscovery #productsworthdiscovering,Learn more,https://wedra.co/products/portable-electric-juicer-blender,utm_source={{platform}}&utm_medium=paid_social&utm_campaign=wd01&utm_content=WD01-WEDRA-H79-STUDIO-PREM-C3
WD01-WEDRA-H80-STUDIO-FAST-C4,,WEDRA,Another WEDRA discovery.,fast,video/9x16/WD01-WEDRA-H80-STUDIO-FAST-C4-9x16.mp4,"WEDRA finds products worth discovering. First up: a portable, rechargeable juicer blender.",Products worth discovering.,Portable Electric Juicer Blender,Learn more,WEDRA finds products worth discovering. Here’s the first. #WEDRADiscovery #productsworthdiscovering,Learn more,https://wedra.co/products/portable-electric-juicer-blender,utm_source={{platform}}&utm_medium=paid_social&utm_campaign=wd01&utm_content=WD01-WEDRA-H80-STUDIO-FAST-C4
WD01-WEDRA-H81-LIFE-PREM-C5,,WEDRA,We look for the products you didn’t know you wanted.,premium,video/9x16/WD01-WEDRA-H81-LIFE-PREM-C5-9x16.mp4,"WEDRA finds products worth discovering. First up: a portable, rechargeable juicer blender.",Products worth discovering.,Portable Electric Juicer Blender,Shop now,WEDRA finds products worth discovering. Here’s the first. #WEDRADiscovery #productsworthdiscovering,Shop now,https://wedra.co/products/portable-electric-juicer-blender,utm_source={{platform}}&utm_medium=paid_social&utm_campaign=wd01&utm_content=WD01-WEDRA-H81-LIFE-PREM-C5
WD01-WEDRA-H82-LIFE-NATV-C6,,WEDRA,Found something interesting.,native,video/9x16/WD01-WEDRA-H82-LIFE-NATV-C6-9x16.mp4,"WEDRA finds products worth discovering. First up: a portable, rechargeable juicer blender.",Products worth discovering.,Portable Electric Juicer Blender,Learn more,WEDRA finds products worth discovering. Here’s the first. #WEDRADiscovery #productsworthdiscovering,Learn more,https://wedra.co/products/portable-electric-juicer-blender,utm_source={{platform}}&utm_medium=paid_social&utm_campaign=wd01&utm_content=WD01-WEDRA-H82-LIFE-NATV-C6
WD01-WEDRA-H83-STUDIO-FAST-C7,,WEDRA,Not another random product. Something actually useful.,fast,video/9x16/WD01-WEDRA-H83-STUDIO-FAST-C7-9x16.mp4,"WEDRA finds products worth discovering. First up: a portable, rechargeable juicer blender.",Products worth discovering.,Portable Electric Juicer Blender,Learn more,WEDRA finds products worth discovering. Here’s the first. #WEDRADiscovery #productsworthdiscovering,Learn more,https://wedra.co/products/portable-electric-juicer-blender,utm_source={{platform}}&utm_medium=paid_social&utm_campaign=wd01&utm_content=WD01-WEDRA-H83-STUDIO-FAST-C7
WD01-WEDRA-H84-LIFE-NATV-C8,,WEDRA,Here’s what caught our attention.,native,video/9x16/WD01-WEDRA-H84-LIFE-NATV-C8-9x16.mp4,"WEDRA finds products worth discovering. First up: a portable, rechargeable juicer blender.",Products worth discovering.,Portable Electric Juicer Blender,Learn more,WEDRA finds products worth discovering. Here’s the first. #WEDRADiscovery #productsworthdiscovering,Learn more,https://wedra.co/products/portable-electric-juicer-blender,utm_source={{platform}}&utm_medium=paid_social&utm_campaign=wd01&utm_content=WD01-WEDRA-H84-LIFE-NATV-C8
WD01-WEDRA-H85-LIFE-PREM-C1,,WEDRA,Something new for your everyday.,premium,video/9x16/WD01-WEDRA-H85-LIFE-PREM-C1-9x16.mp4,"WEDRA finds products worth discovering. First up: a portable, rechargeable juicer blender.",Products worth discovering.,Portable Electric Juicer Blender,Learn more,WEDRA finds products worth discovering. Here’s the first. #WEDRADiscovery #productsworthdiscovering,Learn more,https://wedra.co/products/portable-electric-juicer-blender,utm_source={{platform}}&utm_medium=paid_social&utm_campaign=wd01&utm_content=WD01-WEDRA-H85-LIFE-PREM-C1
WD01-WEDRA-H86-STUDIO-PREM-C2,,WEDRA,Welcome to WEDRA.,premium,video/9x16/WD01-WEDRA-H86-STUDIO-PREM-C2-9x16.mp4,"WEDRA finds products worth discovering. First up: a portable, rechargeable juicer blender.",Products worth discovering.,Portable Electric Juicer Blender,Learn more,WEDRA finds products worth discovering. Here’s the first. #WEDRADiscovery #productsworthdiscovering,Learn more,https://wedra.co/products/portable-electric-juicer-blender,utm_source={{platform}}&utm_medium=paid_social&utm_campaign=wd01&utm_content=WD01-WEDRA-H86-STUDIO-PREM-C2
WD01-GIFT-H87-LIFE-NATV-C3,yes,GIFT,Know someone who lives on smoothies?,native,video/9x16/WD01-GIFT-H87-LIFE-NATV-C3-9x16.mp4 | video/4x5/WD01-GIFT-H87-LIFE-NATV-C3-4x5.mp4 | video/1x1/WD01-GIFT-H87-LIFE-NATV-C3-1x1.mp4,"For the smoothie person in your life: a compact, rechargeable 350 ml blender.",An easy gift idea.,Portable Electric Juicer Blender,Learn more,Know someone who lives on smoothies? #WEDRADiscovery #productsworthdiscovering #smoothie,Learn more,https://wedra.co/products/portable-electric-juicer-blender,utm_source={{platform}}&utm_medium=paid_social&utm_campaign=wd01&utm_content=WD01-GIFT-H87-LIFE-NATV-C3
WD01-GIFT-H88-LIFE-PREM-C4,,GIFT,Gift idea for the person who loves their routine.,premium,video/9x16/WD01-GIFT-H88-LIFE-PREM-C4-9x16.mp4,"For the smoothie person in your life: a compact, rechargeable 350 ml blender.",An easy gift idea.,Portable Electric Juicer Blender,Learn more,Know someone who lives on smoothies? #WEDRADiscovery #productsworthdiscovering #smoothie,Learn more,https://wedra.co/products/portable-electric-juicer-blender,utm_source={{platform}}&utm_medium=paid_social&utm_campaign=wd01&utm_content=WD01-GIFT-H88-LIFE-PREM-C4
WD01-GIFT-H89-PINK-FAST-C5,,GIFT,One for you. One for them.,fast,video/9x16/WD01-GIFT-H89-PINK-FAST-C5-9x16.mp4,"For the smoothie person in your life: a compact, rechargeable 350 ml blender.",An easy gift idea.,Portable Electric Juicer Blender,Shop now,Know someone who lives on smoothies? #WEDRADiscovery #productsworthdiscovering #smoothie,Shop now,https://wedra.co/products/portable-electric-juicer-blender,utm_source={{platform}}&utm_medium=paid_social&utm_campaign=wd01&utm_content=WD01-GIFT-H89-PINK-FAST-C5
WD01-GIFT-H90-LIFE-NATV-C6,,GIFT,An easy gift for the smoothie person.,native,video/9x16/WD01-GIFT-H90-LIFE-NATV-C6-9x16.mp4,"For the smoothie person in your life: a compact, rechargeable 350 ml blender.",An easy gift idea.,Portable Electric Juicer Blender,Learn more,Know someone who lives on smoothies? #WEDRADiscovery #productsworthdiscovering #smoothie,Learn more,https://wedra.co/products/portable-electric-juicer-blender,utm_source={{platform}}&utm_medium=paid_social&utm_campaign=wd01&utm_content=WD01-GIFT-H90-LIFE-NATV-C6
WD01-CONV-H18-LIFE-NATV-C7,,CONV,Your morning routine doesn’t need more equipment.,native,video/9x16/WD01-CONV-H18-LIFE-NATV-C7-9x16.mp4,"One drink doesn’t need a full-size blender. A compact, rechargeable 350 ml blender for smoothies and shakes.",One drink. One compact blender.,Portable Electric Juicer Blender,Learn more,Why use a full-size blender for one drink? This one is 350 ml and rechargeable. #WEDRADiscovery,Learn more,https://wedra.co/products/portable-electric-juicer-blender,utm_source={{platform}}&utm_medium=paid_social&utm_campaign=wd01&utm_content=WD01-CONV-H18-LIFE-NATV-C7
